ID,Name,ImgPath,InList,Caught,Order
0,unknown,unknown,false,false,-1
1,Bulbasaur,Bulbasaur,true,false,0
2,Ivysaur,Ivysaur,true,false,1
3,Venusaur,Venusaur,true,false,2
5001,Venusaur (Female),Venusaur,false,false,10000
7531,G-Max Venusaur,Venusaur-Gmax,false,false,10001
7046,Mega Venusaur,Venusaur-Mega,false,false,10002
4,Charmander,Charmander,true,false,3
5,Charmeleon,Charmeleon,true,false,4
6,Charizard,Charizard,true,false,5
7504,G-Max Charizard,Charizard-Gmax,false,false,10003
7014,Mega Charizard X,Charizard-Mega-X,false,false,10004
7015,Mega Charizard Y,Charizard-Mega-Y,false,false,10005
7,Squirtle,Squirtle,true,false,6
8,Wartortle,Wartortle,true,false,7
9,Blastoise,Blastoise,true,false,8
7501,G-Max Blastoise,Blastoise-Gmax,false,false,10006
7011,Mega Blastoise,Blastoise-Mega,false,false,10007
10,Caterpie,Caterpie,true,false,9
11,Metapod,Metapod,true,false,10
12,Butterfree,Butterfree,true,false,11
5002,Butterfree (Female),Butterfree,false,false,10008
7502,G-Max Butterfree,Butterfree-Gmax,false,false,10009
13,Weedle,Weedle,true,false,12
14,Kakuna,Kakuna,true,false,13
15,Beedrill,Beedrill,true,false,14
7010,Mega Beedrill,Beedrill-Mega,false,false,10010
16,Pidgey,Pidgey,true,false,15
17,Pidgeotto,Pidgeotto,true,false,16
18,Pidgeot,Pidgeot,true,false,17
7035,Mega Pidgeot,Pidgeot-Mega,false,false,10011
19,Rattata,Rattata,true,false,18
5003,Rattata (Female),Rattata,false,false,10012
8015,Alolan Rattata,Rattata-Alola,false,false,10013
20,Raticate,Raticate,true,false,19
5004,Raticate (Female),Raticate,false,false,10014
8014,Alolan Raticate,Raticate-Alola,false,false,10015
21,Spearow,Spearow,true,false,20
22,Fearow,Fearow,true,false,21
23,Ekans,Ekans,true,false,22
24,Arbok,Arbok,true,false,23
25,Pikachu,Pikachu,true,false,24
5005,Pikachu (Female),female/Pikachu,false,false,10016
7524,G-Max Pikachu,Pikachu-Gmax,false,false,10017
6057,Original Cap Pikachu,Pikachu-Original-Cap,false,false,10018
6055,Hoenn Cap Pikachu,Pikachu-Hoenn-Cap,false,false,10019
6059,Sinnoh Cap Pikachu,Pikachu-Sinnoh-Cap,false,false,10020
6060,Unova Cap Pikachu,Pikachu-Unova-Cap,false,false,10021
6056,Kalos Cap Pikachu,Pikachu-Kalos-Cap,false,false,10022
6054,Alola Cap Pikachu,Pikachu-Alola-Cap,false,false,10023
6058,Partner Cap Pikachu,Pikachu-Partner-Cap,false,false,10024
6061,World Cap Pikachu,Pikachu-World-Cap,false,false,10025
6063,Cosplay Pikachu,Pikachu-Cosplay,false,false,10026
6062,Belle Pikachu,Pikachu-Belle,false,false,10027
6064,Licre Pikachu,Pikachu-Libre,false,false,10028
6065,PhD Pikachu,Pikachu-Phd,false,false,10029
6066,Pop Star Pikachu,Pikachu-Pop-Star,false,false,10030
6097,Rock Star Pikachu,Pikachu-Rock-Star,false,false,10031
6067,Starter Pikachu,Pikachu-Starter,false,false,10032
26,Raichu,Raichu,true,false,25
5006,Raichu (Female),Raichu,false,false,10033
8013,Alolan Raichu,Raichu-Alola,false,false,10034
27,Sandshrew,Sandshrew,true,false,26
8016,Alolan Sandshrew,Sandshrew-Alola,false,false,10035
28,Sandslash,Sandslash,true,false,27
8017,Alolan Sandslash,Sandslash-Alola,false,false,10036
29,Nidoran-m,Nidoran-m,true,false,28
30,Nidorina,Nidorina,true,false,29
31,Nidoqueen,Nidoqueen,true,false,30
32,Nidoran-f,Nidoran-f,true,false,31
33,Nidorino,Nidorino,true,false,32
34,Nidoking,Nidoking,true,false,33
35,Clefairy,Clefairy,true,false,34
36,Clefable,Clefable,true,false,35
37,Vulpix,Vulpix,true,false,36
8018,Alolan Vulpix,Vulpix-Alola,false,false,10037
38,Ninetales,Ninetales,true,false,37
8011,Alolan Ninetales,Ninetales-Alola,false,false,10038
39,Jigglypuff,Jigglypuff,true,false,38
40,Wigglytuff,Wigglytuff,true,false,39
41,Zubat,Zubat,true,false,40
5007,Zubat (Female),Zubat,false,false,10039
42,Golbat,Golbat,true,false,41
5008,Golbat (Female),Golbat,false,false,10040
43,Oddish,Oddish,true,false,42
44,Gloom,Gloom,true,false,43
5008,Gloom (Female),Gloom,false,false,10041
45,Vileplume,Vileplume,true,false,44
5009,Vileplume (Female),Vileplume,false,false,10042
46,Paras,Paras,true,false,45
47,Parasect,Parasect,true,false,46
48,Venonat,Venonat,true,false,47
49,Venomoth,Venomoth,true,false,48
50,Diglett,Diglett,true,false,49
8001,Alolan Diglett,Diglett-Alola,false,false,10043
51,Dugtrio,Dugtrio,true,false,50
8002,Alolan Dugtrio,Dugtrio-Alola,false,false,10044
52,Meowth,Meowth,true,false,51
8009,Alolan Meowth,Meowth-Alola,false,false,10045
8506,Galarian Meowth,Meowth-Galar,false,false,10046
7522,G-Max Meowth,Meowth-Gmax,false,false,10047
53,Persian,Persian,true,false,52
8012,Alolan Persian,Persian-Alola,false,false,10048
54,Psyduck,Psyduck,true,false,53
55,Golduck,Golduck,true,false,54
56,Mankey,Mankey,true,false,55
57,Primeape,Primeape,true,false,56
58,Growlithe,Growlithe,true,false,57
59,Arcanine,Arcanine,true,false,58
60,Poliwag,Poliwag,true,false,59
61,Poliwhirl,Poliwhirl,true,false,60
62,Poliwrath,Poliwrath,true,false,61
63,Abra,Abra,true,false,62
64,Kadabra,Kadabra,true,false,63
5011,Kadabra (Female),Kadabra,false,false,10049
65,Alakazam,Alakazam,true,false,64
5012,Alakazam (Female),Alakazam,false,false,10050
7005,Mega Alakazam,Alakazam-Mega,false,false,10051
66,Machop,Machop,true,false,65
67,Machoke,Machoke,true,false,66
68,Machamp,Machamp,true,false,67
7521,G-Max Machamp,Machamp-Gmax,false,false,10052
69,Bellsprout,Bellsprout,true,false,68
70,Weepinbell,Weepinbell,true,false,69
71,Victreebel,Victreebel,true,false,70
72,Tentacool,Tentacool,true,false,71
73,Tentacruel,Tentacruel,true,false,72
74,Geodude,Geodude,true,false,73
8004,Alolan Geodude,Geodude-Alola,false,false,10053
75,Graveler,Graveler,true,false,74
8006,Alolan Graveler,Graveler-Alola,false,false,10054
76,Golem,Golem,true,false,75
8005,Alolan Golem,Golem-Alola,false,false,10055
77,Ponyta,Ponyta,true,false,76
8508,Galarian Ponyta,Ponyta-Galar,false,false,10056
78,Rapidash,Rapidash,true,false,77
8509,Galarian Rapidash,Rapidash-Galar,false,false,10057
79,Slowpoke,Slowpoke,true,false,78
8511,Galarian Slowpoke,Slowpoke-Galar,false,false,10058
80,Slowbro,Slowbro,true,false,79
8510,Galarian Slowbro,Slowbro-Galar,false,false,10059
7043,Mega Slowbro,Slowbro-Mega,false,false,10060
81,Magnemite,Magnemite,true,false,80
82,Magneton,Magneton,true,false,81
83,Farfetch'd,Farfetchd,true,false,82
8504,Galarian Farfetch'd,Farfetchd-Galar,false,false,10061
84,Doduo,Doduo,true,false,83
5013,Doduo (Female),Doduo,false,false,10062
85,Dodrio,Dodrio,true,false,84
5014,Dodrio (Female),Dodrio,false,false,10063
86,Seel,Seel,true,false,85
87,Dewgong,Dewgong,true,false,86
88,Grimer,Grimer,true,false,87
8007,Alolan Grimer,Grimer-Alola,false,false,10064
89,Muk,Muk,true,false,88
8010,Alolan Muk,Muk-Alola,false,false,10065
90,Shellder,Shellder,true,false,89
91,Cloyster,Cloyster,true,false,90
92,Gastly,Gastly,true,false,91
93,Haunter,Haunter,true,false,92
94,Gengar,Gengar,true,false,93
7515,G-Max Gengar,Gengar-Gmax,false,false,10066
7019,Mega Gengar,Gengar-Mega,false,false,10067
95,Onix,Onix,true,false,94
96,Drowzee,Drowzee,true,false,95
97,Hypno,Hypno,true,false,96
5015,Hypno (Female),Hypno,false,false,10068
98,Krabby,Krabby,true,false,97
99,Kingler,Kingler,true,false,98
7519,G-Max Kingler,Kingler-Gmax,false,false,10069
100,Voltorb,Voltorb,true,false,99
101,Electrode,Electrode,true,false,100
102,Exeggcute,Exeggcute,true,false,101
103,Exeggutor,Exeggutor,true,false,102
8003,Alolan Exeggutor,Exeggutor-Alola,false,false,10070
104,Cubone,Cubone,true,false,103
105,Marowak,Marowak,true,false,104
8008,Alolan Marowak,Marowak-Alola,false,false,10071
106,Hitmonlee,Hitmonlee,true,false,105
107,Hitmonchan,Hitmonchan,true,false,106
108,Lickitung,Lickitung,true,false,107
109,Koffing,Koffing,true,false,108
110,Weezing,Weezing,true,false,109
8513,Galarian Weezing,Weezing-Galar,false,false,10072
111,Rhyhorn,Rhyhorn,true,false,110
5016,Rhyhorn (Female),Rhyhorn,false,false,10073
112,Rhydon,Rhydon,true,false,111
5017,Rhydon (Female),Rhydon,false,false,10074
113,Chansey,Chansey,true,false,112
114,Tangela,Tangela,true,false,113
115,Kangaskhan,Kangaskhan,true,false,114
7024,Mega Kangaskhan,Kangaskhan-Mega,false,false,10075
116,Horsea,Horsea,true,false,115
117,Seadra,Seadra,true,false,116
118,Goldeen,Goldeen,true,false,117
5018,Goldeen (Female),Goldeen,false,false,10076
119,Seaking,Seaking,true,false,118
5019,Seaking (Female),Seaking,false,false,10077
120,Staryu,Staryu,true,false,119
121,Starmie,Starmie,true,false,120
122,Mr. Mime,Mr-Mime,true,false,121
8507,Galarian Mr. Mime,Mr-Mime-Galar,false,false,10078
123,Scyther,Scyther,true,false,122
5020,Scyther (Female),Scyther,false,false,10079
124,Jynx,Jynx,true,false,123
125,Electabuzz,Electabuzz,true,false,124
126,Magmar,Magmar,true,false,125
127,Pinsir,Pinsir,true,false,126
7036,Mega Pinsir,Pinsir-Mega,false,false,10080
128,Tauros,Tauros,true,false,127
129,Magikarp,Magikarp,true,false,128
5021,Magikarp (Female),Magikarp,false,false,10081
130,Gyarados,Gyarados,true,false,129
5022,Gyarados (Female),Gyarados,false,false,10082
7021,Mega Gyarados,Gyarados-Mega,false,false,10083
131,Lapras,Lapras,true,false,130
7520,G-Max Lapras,Lapras-Gmax,false,false,10084
132,Ditto,Ditto,true,false,131
133,Eevee,Eevee,true,false,132
5023,Eevee (Female),Eevee,false,false,10085
7511,G-Max Eevee,Eevee-Gmax,false,false,10086
6013,Eevee (Starter),Eevee-Starter,false,false,10087
134,Vaporeon,Vaporeon,true,false,133
135,Jolteon,Jolteon,true,false,134
136,Flareon,Flareon,true,false,135
137,Porygon,Porygon,true,false,136
138,Omanyte,Omanyte,true,false,137
139,Omastar,Omastar,true,false,138
140,Kabuto,Kabuto,true,false,139
141,Kabutops,Kabutops,true,false,140
142,Aerodactyl,Aerodactyl,true,false,141
7003,Mega Aerodactyl,Aerodactyl-Mega,false,false,10088
143,Snorlax,Snorlax,true,false,142
7527,G-Max Snorlax,Snorlax-Gmax,false,false,10089
144,Articuno,Articuno,true,false,143
145,Zapdos,Zapdos,true,false,144
146,Moltres,Moltres,true,false,145
147,Dratini,Dratini,true,false,146
148,Dragonair,Dragonair,true,false,147
149,Dragonite,Dragonite,true,false,148
150,Mewtwo,Mewtwo,true,false,149
7033,Mega Mewtwo-X,Mewtwo-Mega-X,false,false,10090
7034,Mega Mewtwo-Y,Mewtwo-Mega-Y,false,false,10091
151,Mew,Mew,true,false,150
152,Chikorita,Chikorita,true,false,151
153,Bayleef,Bayleef,true,false,152
154,Meganium,Meganium,true,false,153
5024,Meganium (Female),Meganium,false,false,10092
155,Cyndaquil,Cyndaquil,true,false,154
156,Quilava,Quilava,true,false,155
157,Typhlosion,Typhlosion,true,false,156
158,Totodile,Totodile,true,false,157
159,Croconaw,Croconaw,true,false,158
160,Feraligatr,Feraligatr,true,false,159
161,Sentret,Sentret,true,false,160
162,Furret,Furret,true,false,161
163,Hoothoot,Hoothoot,true,false,162
164,Noctowl,Noctowl,true,false,163
165,Ledyba,Ledyba,true,false,164
5025,Ledyba (Female),Ledyba,false,false,10093
166,Ledian,Ledian,true,false,165
5026,Ledian (Female),Ledian,false,false,10094
167,Spinarak,Spinarak,true,false,166
168,Ariados,Ariados,true,false,167
169,Crobat,Crobat,true,false,168
170,Chinchou,Chinchou,true,false,169
171,Lanturn,Lanturn,true,false,170
172,Pichu,Pichu,true,false,171
6053,Spiky Eared Pichu,Pichu-Spiky-Eared,false,false,10095
173,Cleffa,Cleffa,true,false,172
174,Igglybuff,Igglybuff,true,false,173
175,Togepi,Togepi,true,false,174
176,Togetic,Togetic,true,false,175
177,Natu,Natu,true,false,176
178,Xatu,Xatu,true,false,177
5027,Xatu (Female),Xatu,false,false,10096
179,Mareep,Mareep,true,false,178
180,Flaaffy,Flaaffy,true,false,179
181,Ampharos,Ampharos,true,false,180
7007,Mega Ampharos,Ampharos-Mega,false,false,10097
182,Bellossom,Bellossom,true,false,181
183,Marill,Marill,true,false,182
184,Azumarill,Azumarill,true,false,183
185,Sudowoodo,Sudowoodo,true,false,184
5028,Sudowoodo (Female),Sudowoodo,false,false,10098
186,Politoed,Politoed,true,false,185
5029,Politoed (Female),Politoed,false,false,10099
187,Hoppip,Hoppip,true,false,186
188,Skiploom,Skiploom,true,false,187
189,Jumpluff,Jumpluff,true,false,188
190,Aipom,Aipom,true,false,189
5030,Aipom (Female),Aipom,false,false,10100
191,Sunkern,Sunkern,true,false,190
192,Sunflora,Sunflora,true,false,191
193,Yanma,Yanma,true,false,192
194,Wooper,Wooper,true,false,193
5031,Wooper (Female),Wooper,false,false,10101
195,Quagsire,Quagsire,true,false,194
5032,Quagsire (female),Quagsire,false,false,10102
196,Espeon,Espeon,true,false,195
197,Umbreon,Umbreon,true,false,196
198,Murkrow,Murkrow,true,false,197
5033,Murkrow (Female),Murkrow,false,false,10103
199,Slowking,Slowking,true,false,198
200,Misdreavus,Misdreavus,true,false,199
201,Unown-A,Unown,true,false,200
9401,Unown-B,unown-b,false,false,10104
9402,Unown-C,unown-c,false,false,10105
9403,Unown-D,unown-d,false,false,10106
9404,Unown-E,unown-e,false,false,10107
9405,Unown-!,unown-exclamation,false,false,10108
9406,Unown-F,unown-f,false,false,10109
9407,Unown-G,unown-g,false,false,10110
9408,Unown-H,unown-h,false,false,10111
9409,Unown-I,unown-i,false,false,10112
9410,Unown-J,unown-j,false,false,10113
9411,Unown-K,unown-k,false,false,10114
9412,Unown-L,unown-l,false,false,10115
9413,Unown-M,unown-m,false,false,10116
9414,Unown-N,unown-n,false,false,10117
9415,Unown-O,unown-o,false,false,10118
9416,Unown-P,unown-p,false,false,10119
9417,Unown-Q,unown-q,false,false,10120
9418,Unown-?,unown-question,false,false,10121
9419,Unown-R,unown-r,false,false,10122
9420,Unown-S,unown-s,false,false,10123
9421,Unown-T,unown-t,false,false,10124
9422,Unown-U,unown-u,false,false,10125
9423,Unown-V,unown-v,false,false,10126
9424,Unown-W,unown-w,false,false,10127
9425,Unown-X,unown-x,false,false,10128
9426,Unown-Y,unown-y,false,false,10129
9427,Unown-Z,unown-z,false,false,10130
202,Wobbuffet,Wobbuffet,true,false,201
5034,Wobbuffet (Female),Wobbuffet,false,false,10131
203,Girafarig,Girafarig,true,false,202
5035,Girafarig (Female),Girafarig,false,false,10132
204,Pineco,Pineco,true,false,203
205,Forretress,Forretress,true,false,204
206,Dunsparce,Dunsparce,true,false,205
207,Gligar,Gligar,true,false,206
5036,Gligar (Female),Gligar,false,false,10133
208,Steelix,Steelix,true,false,207
5037,Steelix (Female),Steelix,false,false,10134
7044,Mega Steelix,Steelix-Mega,false,false,10135
209,Snubbull,Snubbull,true,false,208
210,Granbull,Granbull,true,false,209
211,Qwilfish,Qwilfish,true,false,210
212,Scizor,Scizor,true,false,211
5038,Scizor (Female),Scizor,false,false,10136
7041,Mega Scizor,Scizor-Mega,false,false,10137
213,Shuckle,Shuckle,true,false,212
214,Heracross,Heracross,true,false,213
5039,Heracross (Female),Heracross,false,false,10138
7022,Mega Heracross,Heracross-Mega,false,false,10139
215,Sneasel,Sneasel,true,false,214
5040,Sneasel (Female),Sneasel,false,false,10140
216,Teddiursa,Teddiursa,true,false,215
217,Ursaring,Ursaring,true,false,216
5041,Ursaring (Female),Ursaring,false,false,10141
218,Slugma,Slugma,true,false,217
219,Magcargo,Magcargo,true,false,218
220,Swinub,Swinub,true,false,219
221,Piloswine,Piloswine,true,false,220
5042,Piloswine (Female),Piloswine,false,false,10142
222,Corsola,Corsola,true,false,221
8501,Galarian Corsola,Corsola-Galar,false,false,10143
223,Remoraid,Remoraid,true,false,222
224,Octillery,Octillery,true,false,223
5043,Octillery (Female),Octillery,false,false,10144
225,Delibird,Delibird,true,false,224
226,Mantine,Mantine,true,false,225
227,Skarmory,Skarmory,true,false,226
228,Houndour,Houndour,true,false,227
229,Houndoom,Houndoom,true,false,228
5044,Houndoom (Female),Houndoom,false,false,10145
7023,Mega Houndoom,Houndoom-Mega,false,false,10146
230,Kingdra,Kingdra,true,false,229
231,Phanpy,Phanpy,true,false,230
232,Donphan,Donphan,true,false,231
5045,Donphan (Female),Donphan,false,false,10147
233,Porygon2,Porygon2,true,false,232
234,Stantler,Stantler,true,false,233
235,Smeargle,Smeargle,true,false,234
236,Tyrogue,Tyrogue,true,false,235
237,Hitmontop,Hitmontop,true,false,236
238,Smoochum,Smoochum,true,false,237
239,Elekid,Elekid,true,false,238
240,Magby,Magby,true,false,239
241,Miltank,Miltank,true,false,240
242,Blissey,Blissey,true,false,241
243,Raikou,Raikou,true,false,242
244,Entei,Entei,true,false,243
245,Suicune,Suicune,true,false,244
246,Larvitar,Larvitar,true,false,245
247,Pupitar,Pupitar,true,false,246
248,Tyranitar,Tyranitar,true,false,247
7045,Mega Tyranitar,Tyranitar-Mega,false,false,10148
249,Lugia,Lugia,true,false,248
250,Ho-Oh,Ho-Oh,true,false,249
251,Celebi,Celebi,true,false,250
252,Treecko,Treecko,true,false,251
253,Grovyle,Grovyle,true,false,252
254,Sceptile,Sceptile,true,false,253
7040,Mega Sceptile,Sceptile-Mega,false,false,10149
255,Torchic,Torchic,true,false,254
5046,Torchic (Female),Torchic,false,false,10150
256,Combusken,Combusken,true,false,255
5047,Combusken (Female),Combusken,false,false,10151
257,Blaziken,Blaziken,true,false,256
5048,Blaziken (Female),Blaziken,false,false,10152
7012,Mega Blaziken,Blaziken-Mega,false,false,10153
258,Mudkip,Mudkip,true,false,257
259,Marshtomp,Marshtomp,true,false,258
260,Swampert,Swampert,true,false,259
7048,Mega Swampert,Swampert-Mega,false,false,10154
261,Poochyena,Poochyena,true,false,260
262,Mightyena,Mightyena,true,false,261
263,Zigzagoon,Zigzagoon,true,false,262
8515,Galarian Zigzagoon,Zigzagoon-Galar,false,false,10155
264,Linoone,Linoone,true,false,263
8505,Galarian Linoone,Linoone-Galar,false,false,10156
265,Wurmple,Wurmple,true,false,264
266,Silcoon,Silcoon,true,false,265
267,Beautifly,Beautifly,true,false,266
5049,Beautifly (Female),Beautifly,false,false,10157
268,Cascoon,Cascoon,true,false,267
269,Dustox,Dustox,true,false,268
5050,Dustox (Female),Dustox,false,false,10158
270,Lotad,Lotad,true,false,269
271,Lombre,Lombre,true,false,270
272,Ludicolo,Ludicolo,true,false,271
5051,Ludicolo (Female),Ludicolo,false,false,10159
273,Seedot,Seedot,true,false,272
274,Nuzleaf,Nuzleaf,true,false,273
5052,Nuzleaf (Female),Nuzleaf,false,false,10160
275,Shiftry,Shiftry,true,false,274
5053,Shiftry (Female),Shiftry,false,false,10161
276,Taillow,Taillow,true,false,275
277,Swellow,Swellow,true,false,276
278,Wingull,Wingull,true,false,277
279,Pelipper,Pelipper,true,false,278
280,Ralts,Ralts,true,false,279
281,Kirlia,Kirlia,true,false,280
282,Gardevoir,Gardevoir,true,false,281
7047,Mega Gardevoir,Gardevoir-Mega,false,false,10162
283,Surskit,Surskit,true,false,282
284,Masquerain,Masquerain,true,false,283
285,Shroomish,Shroomish,true,false,284
286,Breloom,Breloom,true,false,285
287,Slakoth,Slakoth,true,false,286
288,Vigoroth,Vigoroth,true,false,287
289,Slaking,Slaking,true,false,288
290,Nincada,Nincada,true,false,289
291,Ninjask,Ninjask,true,false,290
292,Shedinja,Shedinja,true,false,291
293,Whismur,Whismur,true,false,292
294,Loudred,Loudred,true,false,293
295,Exploud,Exploud,true,false,294
296,Makuhita,Makuhita,true,false,295
297,Hariyama,Hariyama,true,false,296
298,Azurill,Azurill,true,false,297
299,Nosepass,Nosepass,true,false,298
300,Skitty,Skitty,true,false,299
301,Delcatty,Delcatty,true,false,300
302,Sableye,Sableye,true,false,301
7038,Mega Sableye,Sableye-Mega,false,false,10163
303,Mawile,Mawile,true,false,302
7030,Mega Mawile,Mawile-Mega,false,false,10164
304,Aron,Aron,true,false,303
305,Lairon,Lairon,true,false,304
306,Aggron,Aggron,true,false,305
7004,Mega Aggron,Aggron-Mega,false,false,10165
307,Meditite,Meditite,true,false,306
5054,Meditite (Female),Meditite,false,false,10166
308,Medicham,Medicham,true,false,307
5055,Medicham (Female),Medicham,false,false,10167
7031,Mega Medicham,Medicham-Mega,false,false,10168
309,Electrike,Electrike,true,false,308
310,Manectric,Manectric,true,false,309
7029,Mega Manectric,Manectric-Mega,false,false,10169
311,Plusle,Plusle,true,false,310
312,Minun,Minun,true,false,311
313,Volbeat,Volbeat,true,false,312
314,Illumise,Illumise,true,false,313
315,Roselia,Roselia,true,false,314
5056,Roselia (Female),Roselia,false,false,10170
316,Gulpin,Gulpin,true,false,315
5057,Gulpin (Female),Gulpin,false,false,10171
317,Swalot,Swalot,true,false,316
5058,Swalot (Female),Swalot,false,false,10172
318,Carvanha,Carvanha,true,false,317
319,Sharpedo,Sharpedo,true,false,318
7042,Mega Sharpedo,Sharpedo-Mega,false,false,10173
320,Wailmer,Wailmer,true,false,319
321,Wailord,Wailord,true,false,320
322,Numel,Numel,true,false,321
5059,Numel (Female),Numel,false,false,10174
323,Camerupt,Camerupt,true,false,322
5060,Camerupt (Female),Camerupt,false,false,10175
7013,Mega Camerupt,Camerupt-Mega,false,false,10176
324,Torkoal,Torkoal,true,false,323
325,Spoink,Spoink,true,false,324
326,Grumpig,Grumpig,true,false,325
327,Spinda,Spinda,true,false,326
328,Trapinch,Trapinch,true,false,327
329,Vibrava,Vibrava,true,false,328
330,Flygon,Flygon,true,false,329
331,Cacnea,Cacnea,true,false,330
332,Cacturne,Cacturne,true,false,331
5061,Cacturne (Female),Cacturne,false,false,10177
333,Swablu,Swablu,true,false,332
334,Altaria,Altaria,true,false,333
7006,Mega Altaria,Altaria-Mega,false,false,10178
335,Zangoose,Zangoose,true,false,334
336,Seviper,Seviper,true,false,335
337,Lunatone,Lunatone,true,false,336
338,Solrock,Solrock,true,false,337
339,Barboach,Barboach,true,false,338
340,Whiscash,Whiscash,true,false,339
341,Corphish,Corphish,true,false,340
342,Crawdaunt,Crawdaunt,true,false,341
343,Baltoy,Baltoy,true,false,342
344,Claydol,Claydol,true,false,343
345,Lileep,Lileep,true,false,344
346,Cradily,Cradily,true,false,345
347,Anorith,Anorith,true,false,346
348,Armaldo,Armaldo,true,false,347
349,Feebas,Feebas,true,false,348
350,Milotic,Milotic,true,false,349
5062,Milotic (Female),Milotic,false,false,10179
351,Castform,Castform,true,false,350
6004,Castform (Rainy),Castform-Rainy,false,false,10180
6005,Castform (Snowy),Castform-Snowy,false,false,10181
6006,Castform (Sunny),Castform-Sunny,false,false,10182
352,Kecleon,Kecleon,true,false,351
353,Shuppet,Shuppet,true,false,352
354,Banette,Banette,true,false,353
7009,Mega Banette,Banette-Mega,false,false,10183
355,Duskull,Duskull,true,false,354
356,Dusclops,Dusclops,true,false,355
357,Tropius,Tropius,true,false,356
358,Chimecho,Chimecho,true,false,357
359,Absol,Absol,true,false,358
7002,Mega Absol,Absol-Mega,false,false,10184
360,Wynaut,Wynaut,true,false,359
361,Snorunt,Snorunt,true,false,360
362,Glalie,Glalie,true,false,361
7020,Mega Glalie,Glalie-Mega,false,false,10185
363,Spheal,Spheal,true,false,362
364,Sealeo,Sealeo,true,false,363
365,Walrein,Walrein,true,false,364
366,Clamperl,Clamperl,true,false,365
367,Huntail,Huntail,true,false,366
368,Gorebyss,Gorebyss,true,false,367
369,Relicanth,Relicanth,true,false,368
5063,Relicanth (Female),Relicanth,false,false,10186
370,Luvdisc,Luvdisc,true,false,369
371,Bagon,Bagon,true,false,370
372,Shelgon,Shelgon,true,false,371
373,Salamence,Salamence,true,false,372
7039,Mega Salamence,Salamence-Mega,false,false,10187
374,Beldum,Beldum,true,false,373
375,Metang,Metang,true,false,374
376,Metagross,Metagross,true,false,375
7032,Mega Metagross,Metagross-Mega,false,false,10188
377,Regirock,Regirock,true,false,376
378,Regice,Regice,true,false,377
379,Registeel,Registeel,true,false,378
380,Latias,Latias,true,false,379
7025,Mega Latias,Latias-Mega,false,false,10189
381,Latios,Latios,true,false,380
7026,Mega Latios,Latios-Mega,false,false,10190
382,Kyogre,Kyogre,true,false,381
6092,Primal Kyogre,Kyogre-Primal,false,false,10191
383,Groudon,Groudon,true,false,382
383,Primal Groudon,Groudon-Primal,true,false,383
384,Rayquaza,Rayquaza,true,false,384
7037,Mega Rayquaza,Rayquaza-Mega,false,false,10192
385,Jirachi,Jirachi,true,false,385
386,Deoxys,Deoxys,true,false,386
6010,Deoxys (Attack),Deoxys-Attack,false,false,10193
6011,Deoxys (Defense),Deoxys-Defense,false,false,10194
6012,Deoxys (Speed),Deoxys-Speed,false,false,10195
387,Turtwig,Turtwig,true,false,387
388,Grotle,Grotle,true,false,388
389,Torterra,Torterra,true,false,389
390,Chimchar,Chimchar,true,false,390
391,Monferno,Monferno,true,false,391
392,Infernape,Infernape,true,false,392
393,Piplup,Piplup,true,false,393
394,Prinplup,Prinplup,true,false,394
395,Empoleon,Empoleon,true,false,395
396,Starly,Starly,true,false,396
5064,Starly (Female),Starly,false,false,10196
397,Staravia,Staravia,true,false,397
5065,Staravia (Female),Staravia,false,false,10197
398,Staraptor,Staraptor,true,false,398
5066,Staraptor (Female),Staraptor,false,false,10198
399,Bidoof,Bidoof,true,false,399
5067,Bidoof (Female),Bidoof,false,false,10199
400,Bibarel,Bibarel,true,false,400
5068,Bibarel (Female),Bibarel,false,false,10200
401,Kricketot,Kricketot,true,false,401
5069,Kricketot (Female),Kricketot,false,false,10201
402,Kricketune,Kricketune,true,false,402
5070,Kricketune (Female),Kricketune,false,false,10202
403,Shinx,Shinx,true,false,403
5071,Shinx (Female),Shinx,false,false,10203
404,Luxio,Luxio,true,false,404
5072,Luxio (Female),Luxio,false,false,10204
405,Luxray,Luxray,true,false,405
5073,Luxray (Female),Luxray,false,false,10205
406,Budew,Budew,true,false,406
407,Roserade,Roserade,true,false,407
5074,Roserade (Female),Roserade,false,false,10206
408,Cranidos,Cranidos,true,false,408
409,Rampardos,Rampardos,true,false,409
410,Shieldon,Shieldon,true,false,410
411,Bastiodon,Bastiodon,true,false,411
412,Burmy (Plant),Burmy,true,false,412
6002,Burmy (Sandy),Burmy-Sandy,false,false,10207
6003,Burmy (Trash),Burmy-Trash,false,false,10208
413,Wormadam (Plant),Wormadam,true,false,413
6084,Wormadam (Sandy),Wormadam-Sandy,false,false,10209
6085,Wormadam (Trash),Wormadam-Trash,false,false,10210
414,Mothim,Mothim,true,false,414
415,Combee,Combee,true,false,415
5075,Combee (Female),Combee,false,false,10211
416,Vespiquen,Vespiquen,true,false,416
417,Pachirisu,Pachirisu,true,false,417
5076,Pachirisu (Female),Pachirisu,false,false,10212
418,Buizel,Buizel,true,false,418
5077,Buizel (Female),Buizel,false,false,10213
419,Floatzel,Floatzel,true,false,419
5078,Floatzel (Female),Floatzel,false,false,10214
420,Cherubi,Cherubi,true,false,420
421,Cherrim,Cherrim,true,false,421
422,Shellos (West),Shellos,true,false,422
6080,Shellos (East),Shellos-East,false,false,10215
423,Gastrodon (West),Gastrodon,true,false,423
6026,Gastrodon (East),Gastrodon-East,false,false,10216
424,Ambipom,Ambipom,true,false,424
5079,Ambipom (Female),Ambipom,false,false,10217
425,Drifloon,Drifloon,true,false,425
426,Drifblim,Drifblim,true,false,426
427,Buneary,Buneary,true,false,427
428,Lopunny,Lopunny,true,false,428
7027,Mega Lopunny,Lopunny-Mega,false,false,10218
429,Mismagius,Mismagius,true,false,429
430,Honchkrow,Honchkrow,true,false,430
431,Glameow,Glameow,true,false,431
432,Purugly,Purugly,true,false,432
433,Chingling,Chingling,true,false,433
434,Stunky,Stunky,true,false,434
435,Skuntank,Skuntank,true,false,435
436,Bronzor,Bronzor,true,false,436
437,Bronzong,Bronzong,true,false,437
438,Bonsly,Bonsly,true,false,438
439,Mime Jr.,Mime-Jr,true,false,439
440,Happiny,Happiny,true,false,440
441,Chatot,Chatot,true,false,441
442,Spiritomb,Spiritomb,true,false,442
443,Gible,Gible,true,false,443
5080,Gible (Female),Gible,false,false,10219
444,Gabite,Gabite,true,false,444
5081,Gabite (Female),Gabite,false,false,10220
445,Garchomp,Garchomp,true,false,445
5082,Garchomp (Female),Garchomp,false,false,10221
7018,Mega Garchomp,Garchomp-Mega,false,false,10222
446,Munchlax,Munchlax,true,false,446
447,Riolu,Riolu,true,false,447
448,Lucario,Lucario,true,false,448
7028,Mega Lucario,Lucario-Mega,false,false,10223
449,Hippopotas,Hippopotas,true,false,449
5083,Hippopotas (Female),female/Hippopotas,false,false,10224
450,Hippowdon,Hippowdon,true,false,450
5084,Hippowdon (Female),female/Hippowdon,false,false,10225
451,Skorupi,Skorupi,true,false,451
452,Drapion,Drapion,true,false,452
453,Croagunk,Croagunk,true,false,453
5085,Croagunk (Female),Croagunk,false,false,10226
454,Toxicroak,Toxicroak,true,false,454
5086,Toxicroak (Female),Toxicroak,false,false,10227
455,Carnivine,Carnivine,true,false,455
456,Finneon,Finneon,true,false,456
5087,Finneon (Female),Finneon,false,false,10228
457,Lumineon,Lumineon,true,false,457
5088,Lumineon (Female),Lumineon,false,false,10229
458,Mantyke,Mantyke,true,false,458
459,Snover,Snover,true,false,459
5089,Snover (Female),Snover,false,false,10230
460,Abomasnow,Abomasnow,true,false,460
5090,Abomasnow (Female),Abomasnow,false,false,10231
7001,Mega Abomasnow,Abomasnow-Mega,false,false,10232
461,Weavile,Weavile,true,false,461
5091,Weavile (Female),Weavile,false,false,10233
462,Magnezone,Magnezone,true,false,462
463,Lickilicky,Lickilicky,true,false,463
464,Rhyperior,Rhyperior,true,false,464
5092,Rhyperior (Female),Rhyperior,false,false,10234
465,Tangrowth,Tangrowth,true,false,465
5093,Tangrowth (Female),Tangrowth,false,false,10235
466,Electivire,Electivire,true,false,466
467,Magmortar,Magmortar,true,false,467
468,Togekiss,Togekiss,true,false,468
469,Yanmega,Yanmega,true,false,469
470,Leafeon,Leafeon,true,false,470
471,Glaceon,Glaceon,true,false,471
472,Gliscor,Gliscor,true,false,472
473,Mamoswine,Mamoswine,true,false,473
5094,Mamoswine (Female),Mamoswine,false,false,10236
474,Porygon-Z,Porygon-Z,true,false,474
475,Gallade,Gallade,true,false,475
7017,Mega Gallade,Gallade-Mega,false,false,10237
476,Probopass,Probopass,true,false,476
477,Dusknoir,Dusknoir,true,false,477
478,Froslass,Froslass,true,false,478
479,Rotom,Rotom,true,false,479
6071,Fan Rotom,Rotom-Fan,false,false,10238
6072,Frost Rotom,Rotom-Frost,false,false,10239
6073,Heat Rotom,Rotom-Heat,false,false,10240
6074,Mox Rotom,Rotom-Mow,false,false,10241
6075,Wash Rotom,Rotom-Wash,false,false,10242
480,Uxie,Uxie,true,false,480
481,Mesprit,Mesprit,true,false,481
482,Azelf,Azelf,true,false,482
483,Dialga,Dialga,true,false,483
484,Palkia,Palkia,true,false,484
485,Heatran,Heatran,true,false,485
486,Regigigas,Regigigas,true,false,486
487,Giratina (Altered),Giratina,true,false,487
6027,Giratina (Origin),Giratina-Origin,false,false,10243
488,Cresselia,Cresselia,true,false,488
489,Phione,Phione,true,false,489
490,Manaphy,Manaphy,true,false,490
491,Darkrai,Darkrai,true,false,491
492,Shaymin (Land),Shaymin,true,false,492
6079,Shaymin (Shy),Shaymin-Sky,false,false,10244
493,Arceus,Arceus,true,false,493
9201,Arceus - Bug,arceus-bug,false,false,10245
9202,Arceus - Dark,arceus-dark,false,false,10246
9203,Arceus - Dragon,arceus-dragon,false,false,10247
9204,Arceus - Electric,arceus-electric,false,false,10248
9205,Arceus - Fairy,arceus-fairy,false,false,10249
9206,Arceus - Fighting,arceus-fighting,false,false,10250
9207,Arceus - Fire,arceus-fire,false,false,10251
9208,Arceus - Flying,arceus-flying,false,false,10252
9209,Arceus - Ghost,arceus-ghost,false,false,10253
9210,Arceus - Grass,arceus-grass,false,false,10254
9211,Arceus - Ground,arceus-ground,false,false,10255
9212,Arceus - Ice,arceus-ice,false,false,10256
9213,Arceus - Poison,arceus-poison,false,false,10257
9214,Arceus - Psychic,arceus-psychic,false,false,10258
9215,Arceus - Rock,arceus-rock,false,false,10259
9216,Arceus - Steel,arceus-steel,false,false,10260
9217,Arceus - Water,arceus-water,false,false,10261
494,Victini,Victini,true,false,494
495,Snivy,Snivy,true,false,495
496,Servine,Servine,true,false,496
497,Serperior,Serperior,true,false,497
498,Tepig,Tepig,true,false,498
499,Pignite,Pignite,true,false,499
500,Emboar,Emboar,true,false,500
501,Oshawott,Oshawott,true,false,501
502,Dewott,Dewott,true,false,502
503,Samurott,Samurott,true,false,503
504,Patrat,Patrat,true,false,504
505,Watchog,Watchog,true,false,505
506,Lillipup,Lillipup,true,false,506
507,Herdier,Herdier,true,false,507
508,Stoutland,Stoutland,true,false,508
509,Purrloin,Purrloin,true,false,509
510,Liepard,Liepard,true,false,510
511,Pansage,Pansage,true,false,511
512,Simisage,Simisage,true,false,512
513,Pansear,Pansear,true,false,513
514,Simisear,Simisear,true,false,514
515,Panpour,Panpour,true,false,515
516,Simipour,Simipour,true,false,516
517,Munna,Munna,true,false,517
518,Musharna,Musharna,true,false,518
519,Pidove,Pidove,true,false,519
520,Tranquill,Tranquill,true,false,520
521,Unfezant,Unfezant,true,false,521
5095,Unfezant (Female),female/Unfezant,false,false,10262
522,Blitzle,Blitzle,true,false,522
523,Zebstrika,Zebstrika,true,false,523
524,Roggenrola,Roggenrola,true,false,524
525,Boldore,Boldore,true,false,525
526,Gigalith,Gigalith,true,false,526
527,Woobat,Woobat,true,false,527
528,Swoobat,Swoobat,true,false,528
529,Drilbur,Drilbur,true,false,529
530,Excadrill,Excadrill,true,false,530
531,Audino,Audino,true,false,531
7008,Mega Audino,Audino-Mega,false,false,10263
532,Timburr,Timburr,true,false,532
533,Gurdurr,Gurdurr,true,false,533
534,Conkeldurr,Conkeldurr,true,false,534
535,Tympole,Tympole,true,false,535
536,Palpitoad,Palpitoad,true,false,536
537,Seismitoad,Seismitoad,true,false,537
538,Throh,Throh,true,false,538
539,Sawk,Sawk,true,false,539
540,Sewaddle,Sewaddle,true,false,540
541,Swadloon,Swadloon,true,false,541
542,Leavanny,Leavanny,true,false,542
543,Venipede,Venipede,true,false,543
544,Whirlipede,Whirlipede,true,false,544
545,Scolipede,Scolipede,true,false,545
546,Cottonee,Cottonee,true,false,546
547,Whimsicott,Whimsicott,true,false,547
548,Petilil,Petilil,true,false,548
549,Lilligant,Lilligant,true,false,549
550,Basculin (Red),Basculin,true,false,550
6001,Basculin (Blue),Basculin-Blue-Striped,false,false,10264
551,Sandile,Sandile,true,false,551
552,Krokorok,Krokorok,true,false,552
553,Krookodile,Krookodile,true,false,553
554,Darumaka,Darumaka,true,false,554
8503,Galarian Darumaka,Darumaka-Galar,false,false,10265
555,Darmanitan,Darmanitan,true,false,555
8502,Galarian Darmanitan,Darmanitan-Galar,false,false,10266
556,Maractus,Maractus,true,false,556
557,Dwebble,Dwebble,true,false,557
558,Crustle,Crustle,true,false,558
559,Scraggy,Scraggy,true,false,559
560,Scrafty,Scrafty,true,false,560
561,Sigilyph,Sigilyph,true,false,561
562,Yamask,Yamask,true,false,562
8514,Galarian Yamask,Yamask-Galar,false,false,10267
563,Cofagrigus,Cofagrigus,true,false,563
564,Tirtouga,Tirtouga,true,false,564
565,Carracosta,Carracosta,true,false,565
566,Archen,Archen,true,false,566
567,Archeops,Archeops,true,false,567
568,Trubbish,Trubbish,true,false,568
569,Garbodor,Garbodor,true,false,569
7513,G-Max Garbodor,Garbodor-Gmax,false,false,10268
570,Zorua,Zorua,true,false,570
571,Zoroark,Zoroark,true,false,571
572,Minccino,Minccino,true,false,572
573,Cinccino,Cinccino,true,false,573
574,Gothita,Gothita,true,false,574
575,Gothorita,Gothorita,true,false,575
576,Gothitelle,Gothitelle,true,false,576
577,Solosis,Solosis,true,false,577
578,Duosion,Duosion,true,false,578
579,Reuniclus,Reuniclus,true,false,579
580,Ducklett,Ducklett,true,false,580
581,Swanna,Swanna,true,false,581
582,Vanillite,Vanillite,true,false,582
583,Vanillish,Vanillish,true,false,583
584,Vanilluxe,Vanilluxe,true,false,584
585,Deerling (Spring),Deerling,true,false,585
6007,Deerling (Summer),Deerling-Summer,false,false,10269
6008,Deerling (Autumn),Deerling-Autumn,false,false,10270
6009,Deerling (Winter),Deerling-Winter,false,false,10271
586,Sawsbuck (Spring),Sawsbuck,true,false,586
6076,Sawsbuck (Summer),Sawsbuck-Summer,false,false,10272
6077,Sawsbuck (Autumn),Sawsbuck-Autumn,false,false,10273
6078,Sawsbuck (Winter),Sawsbuck-Winter,false,false,10274
587,Emolga,Emolga,true,false,587
588,Karrablast,Karrablast,true,false,588
589,Escavalier,Escavalier,true,false,589
590,Foongus,Foongus,true,false,590
591,Amoonguss,Amoonguss,true,false,591
592,Frillish,Frillish,true,false,592
5096,Frillish (Female),female/Frillish,false,false,10275
593,Jellicent,Jellicent,true,false,593
5097,Jellicent (Female),female/Jellicent,false,false,10276
594,Alomomola,Alomomola,true,false,594
595,Joltik,Joltik,true,false,595
596,Galvantula,Galvantula,true,false,596
597,Ferroseed,Ferroseed,true,false,597
598,Ferrothorn,Ferrothorn,true,false,598
599,Klink,Klink,true,false,599
600,Klang,Klang,true,false,600
601,Klinklang,Klinklang,true,false,601
602,Tynamo,Tynamo,true,false,602
603,Eelektrik,Eelektrik,true,false,603
604,Eelektross,Eelektross,true,false,604
605,Elgyem,Elgyem,true,false,605
606,Beheeyem,Beheeyem,true,false,606
607,Litwick,Litwick,true,false,607
608,Lampent,Lampent,true,false,608
609,Chandelure,Chandelure,true,false,609
610,Axew,Axew,true,false,610
611,Fraxure,Fraxure,true,false,611
612,Haxorus,Haxorus,true,false,612
613,Cubchoo,Cubchoo,true,false,613
614,Beartic,Beartic,true,false,614
615,Cryogonal,Cryogonal,true,false,615
616,Shelmet,Shelmet,true,false,616
617,Accelgor,Accelgor,true,false,617
618,Stunfisk,Stunfisk,true,false,618
8512,Galarian Stunfisk,Stunfisk-Galar,false,false,10277
619,Mienfoo,Mienfoo,true,false,619
620,Mienshao,Mienshao,true,false,620
621,Druddigon,Druddigon,true,false,621
622,Golett,Golett,true,false,622
623,Golurk,Golurk,true,false,623
624,Pawniard,Pawniard,true,false,624
625,Bisharp,Bisharp,true,false,625
626,Bouffalant,Bouffalant,true,false,626
627,Rufflet,Rufflet,true,false,627
628,Braviary,Braviary,true,false,628
629,Vullaby,Vullaby,true,false,629
630,Mandibuzz,Mandibuzz,true,false,630
631,Heatmor,Heatmor,true,false,631
632,Durant,Durant,true,false,632
633,Deino,Deino,true,false,633
634,Zweilous,Zweilous,true,false,634
635,Hydreigon,Hydreigon,true,false,635
636,Larvesta,Larvesta,true,false,636
637,Volcarona,Volcarona,true,false,637
638,Cobalion,Cobalion,true,false,638
639,Terrakion,Terrakion,true,false,639
640,Virizion,Virizion,true,false,640
641,Tornadus (Incarnate),Tornadus,true,false,641
6082,Tornadus (Therian),Tornadus-Therian,false,false,10278
642,Thundurus (Incarnate),Thundurus,true,false,642
6081,Thundurus (Therian),Thundurus-Therian,false,false,10279
643,Reshiram,Reshiram,true,false,643
644,Zekrom,Zekrom,true,false,644
645,Landorus (Incarnate),Landorus,true,false,645
6036,Landorus (Therian),Landorus-Therian,false,false,10280
646,Kyurem,Kyurem,true,false,646
6034,Black Kyurem (Kyurem),Kyurem-Black,false,false,10281
6093,Black Kyurem (Zekrom),Kyurem-Black,false,false,10282
6035,White Kyurem (Kyurem),Kyurem-White,false,false,10283
6094,White Kyurem (Reshiram),Kyurem-White,false,false,10284
647,Keldeo,Keldeo,true,false,647
6033,Keldeo (Resolute),Keldeo-Resolute,false,false,10285
648,Meloetta (Aria),Meloetta,true,false,648
6040,Meloetta (Pirouette),Meloetta-Pirouette,false,false,10286
649,Genesect,Genesect,true,false,649
650,Chespin,Chespin,true,false,650
651,Quilladin,Quilladin,true,false,651
652,Chesnaught,Chesnaught,true,false,652
653,Fennekin,Fennekin,true,false,653
654,Braixen,Braixen,true,false,654
655,Delphox,Delphox,true,false,655
656,Froakie,Froakie,true,false,656
657,Frogadier,Frogadier,true,false,657
658,Greninja,Greninja,true,false,658
6031,Ash Greninja,Greninja-Ash,false,false,10287
659,Bunnelby,Bunnelby,true,false,659
660,Diggersby,Diggersby,true,false,660
661,Fletchling,Fletchling,true,false,661
662,Fletchinder,Fletchinder,true,false,662
663,Talonflame,Talonflame,true,false,663
664,Scatterbug,Scatterbug,true,false,664
665,Spewpa,Spewpa,true,false,665
666,Vivillon,Vivillon,true,false,666
9501,Vivillon - Archipelago,vivillon-archipelago,false,false,10288
9502,Vivillon - Continental,vivillon-continental,false,false,10289
9503,Vivillon - Elegant,vivillon-elegant,false,false,10290
9504,Vivillon - Fancy,vivillon-fancy,false,false,10291
9505,Vivillon - Garden,vivillon-garden,false,false,10292
9506,Vivillon - High - Plains,vivillon-high-plains,false,false,10293
9507,Vivillon - Icy - Snow,vivillon-icy-snow,false,false,10294
9508,Vivillon - Jungle,vivillon-jungle,false,false,10295
9509,Vivillon - Marine,vivillon-marine,false,false,10296
9510,Vivillon - Modern,vivillon-modern,false,false,10297
9511,Vivillon - Monsoon,vivillon-monsoon,false,false,10298
9512,Vivillon - Ocean,vivillon-ocean,false,false,10299
9513,Vivillon - Poke - Ball,vivillon-poke-ball,false,false,10300
9514,Vivillon - Polar,vivillon-polar,false,false,10301
9515,Vivillon - River,vivillon-river,false,false,10302
9516,Vivillon - Sandstorm,vivillon-sandstorm,false,false,10303
9517,Vivillon - Savanna,vivillon-savanna,false,false,10304
9518,Vivillon - Sun,vivillon-sun,false,false,10305
9519,Vivillon - Tundra,vivillon-tundra,false,false,10306
667,Litleo,Litleo,true,false,667
668,Pyroar,Pyroar,true,false,668
5098,Pyroar (Female),female/Pyroar,false,false,10307
669,Flabebe (Red),Flabebe,true,false,669
6014,Flabebe (Blue),Flabebe-Blue,false,false,10308
6015,Flabebe (Orange),Flabebe-Orange,false,false,10309
6016,Flabebe (White),Flabebe-White,false,false,10310
6017,Flabebe (Yellow),Flabebe-Yellow,false,false,10311
670,Floette (Red),Floette,true,false,670
6018,Floette (Blue),Floette-Blue,false,false,10312
6019,Floette (Orange),Floette-Orange,false,false,10313
6020,Floette (White),Floette-White,false,false,10314
6021,Floette (Yellow),Floette-Yellow,false,false,10315
671,Florges (Red),Florges,true,false,671
6022,Florges (Blue),Florges-Blue,false,false,10316
6023,Florges (Orange),Florges-Orange,false,false,10317
6024,Florges (White),Florges-White,false,false,10318
6025,Florges (Yellow),Florges-Yellow,false,false,10319
672,Skiddo,Skiddo,true,false,672
673,Gogoat,Gogoat,true,false,673
674,Pancham,Pancham,true,false,674
675,Pangoro,Pangoro,true,false,675
676,Furfrou,Furfrou,true,false,676
677,Espurr,Espurr,true,false,677
678,Meowstic,Meowstic,true,false,678
5099,Meowstic (Female),female/Meowstic,false,false,10320
679,Honedge,Honedge,true,false,679
680,Doublade,Doublade,true,false,680
681,Aegislash,Aegislash,true,false,681
682,Spritzee,Spritzee,true,false,682
683,Aromatisse,Aromatisse,true,false,683
684,Swirlix,Swirlix,true,false,684
685,Slurpuff,Slurpuff,true,false,685
686,Inkay,Inkay,true,false,686
687,Malamar,Malamar,true,false,687
688,Binacle,Binacle,true,false,688
689,Barbaracle,Barbaracle,true,false,689
690,Skrelp,Skrelp,true,false,690
691,Dragalge,Dragalge,true,false,691
692,Clauncher,Clauncher,true,false,692
693,Clawitzer,Clawitzer,true,false,693
694,Helioptile,Helioptile,true,false,694
695,Heliolisk,Heliolisk,true,false,695
696,Tyrunt,Tyrunt,true,false,696
697,Tyrantrum,Tyrantrum,true,false,697
698,Amaura,Amaura,true,false,698
699,Aurorus,Aurorus,true,false,699
700,Sylveon,Sylveon,true,false,700
701,Hawlucha,Hawlucha,true,false,701
702,Dedenne,Dedenne,true,false,702
703,Carbink,Carbink,true,false,703
704,Goomy,Goomy,true,false,704
705,Sliggoo,Sliggoo,true,false,705
706,Goodra,Goodra,true,false,706
707,Klefki,Klefki,true,false,707
708,Phantump,Phantump,true,false,708
709,Trevenant,Trevenant,true,false,709
6069,Pumpkaboo (Small),Pumpkaboo-Small,false,false,10321
710,Pumpkaboo (Average),Pumpkaboo,true,false,710
6068,Pumpkaboo (Large),Pumpkaboo-Large,false,false,10322
6070,Pumpkaboo (Super),Pumpkaboo-Super,false,false,10323
6029,Gourgeist (Small),Gourgeist-Small,false,false,10324
711,Gourgeist (Average),Gourgeist,true,false,711
6028,Gourgeist (Large),Gourgeist-Large,false,false,10325
6030,Gourgeist (Super),Gourgeist-Super,false,false,10326
712,Bergmite,Bergmite,true,false,712
713,Avalugg,Avalugg,true,false,713
714,Noibat,Noibat,true,false,714
715,Noivern,Noivern,true,false,715
716,Xerneas,Xerneas,true,false,716
717,Yveltal,Yveltal,true,false,717
6089,10% Zygarde,Zygarde-10,false,false,10327
718,50% Zygarde,Zygarde,true,false,718
6090,Complete Zygarde,Zygarde-Complete,false,false,10328
719,Diancie,Diancie,true,false,719
7016,Mega Diancie,Diancie-Mega,false,false,10329
720,Hoopa,Hoopa,true,false,720
6032,Hoopa Unbound,Hoopa-Unbound,false,false,10330
721,Volcanion,Volcanion,true,false,721
722,Rowlet,Rowlet,true,false,722
723,Dartrix,Dartrix,true,false,723
724,Decidueye,Decidueye,true,false,724
725,Litten,Litten,true,false,725
726,Torracat,Torracat,true,false,726
727,Incineroar,Incineroar,true,false,727
728,Popplio,Popplio,true,false,728
729,Brionne,Brionne,true,false,729
730,Primarina,Primarina,true,false,730
731,Pikipek,Pikipek,true,false,731
732,Trumbeak,Trumbeak,true,false,732
733,Toucannon,Toucannon,true,false,733
734,Yungoos,Yungoos,true,false,734
735,Gumshoos,Gumshoos,true,false,735
736,Grubbin,Grubbin,true,false,736
737,Charjabug,Charjabug,true,false,737
738,Vikavolt,Vikavolt,true,false,738
739,Crabrawler,Crabrawler,true,false,739
740,Crabominable,Crabominable,true,false,740
741,Baile Oricorio,Oricorio,true,false,741
6050,Pau Oricorio,Oricorio-Pau,false,false,10331
6051,Pom Pom Oricorio,Oricorio-Pom-Pom,false,false,10332
6052,Sensu Oricorio,Oricorio-Sensu,false,false,10333
742,Cutiefly,Cutiefly,true,false,742
743,Ribombee,Ribombee,true,false,743
744,Rockruff,Rockruff,true,false,744
745,Dawn Lycanroc,Lycanroc,true,false,745
6037,Midnight Lycanroc,Lycanroc-Midnight,false,false,10334
6038,Dusk Lycanroc,Lycanroc-Dusk,false,false,10335
746,Wishiwashi,Wishiwashi,true,false,746
747,Mareanie,Mareanie,true,false,747
748,Toxapex,Toxapex,true,false,748
749,Mudbray,Mudbray,true,false,749
750,Mudsdale,Mudsdale,true,false,750
751,Dewpider,Dewpider,true,false,751
752,Araquanid,Araquanid,true,false,752
753,Fomantis,Fomantis,true,false,753
754,Lurantis,Lurantis,true,false,754
755,Morelull,Morelull,true,false,755
756,Shiinotic,Shiinotic,true,false,756
757,Salandit,Salandit,true,false,757
758,Salazzle,Salazzle,true,false,758
759,Stufful,Stufful,true,false,759
760,Bewear,Bewear,true,false,760
761,Bounsweet,Bounsweet,true,false,761
762,Steenee,Steenee,true,false,762
763,Tsareena,Tsareena,true,false,763
764,Comfey,Comfey,true,false,764
765,Oranguru,Oranguru,true,false,765
766,Passimian,Passimian,true,false,766
767,Wimpod,Wimpod,true,false,767
768,Golisopod,Golisopod,true,false,768
769,Sandygast,Sandygast,true,false,769
770,Palossand,Palossand,true,false,770
771,Pyukumuku,Pyukumuku,true,false,771
772,Type-Null,Type-Null,true,false,772
773,Silvally,Silvally,true,false,773
9301,Silvally - Bug,silvally-bug,false,false,10336
9302,Silvally - Dark,silvally-dark,false,false,10337
9303,Silvally - Dragon,silvally-dragon,false,false,10338
9304,Silvally - Electric,silvally-electric,false,false,10339
9305,Silvally - Fairy,silvally-fairy,false,false,10340
9306,Silvally - Fighting,silvally-fighting,false,false,10341
9307,Silvally - Fire,silvally-fire,false,false,10342
9308,Silvally - Flying,silvally-flying,false,false,10343
9309,Silvally - Ghost,silvally-ghost,false,false,10344
9310,Silvally - Grass,silvally-grass,false,false,10345
9311,Silvally - Ground,silvally-ground,false,false,10346
9312,Silvally - Ice,silvally-ice,false,false,10347
9313,Silvally - Poison,silvally-poison,false,false,10348
9314,Silvally - Psychic,silvally-psychic,false,false,10349
9315,Silvally - Rock,silvally-rock,false,false,10350
9316,Silvally - Steel,silvally-steel,false,false,10351
9317,Silvally - Water,silvally-water,false,false,10352
6045,Red Minior,Minior-Red,false,false,10353
6044,Orange Minior,Minior-Orange,false,false,10354
6047,Yellow Minior,Minior-Yellow,false,false,10355
6042,Green Minior,Minior-Green,false,false,10356
6041,Blue Minior,Minior-Blue,false,false,10357
6043,Indigo Minior,Minior-Indigo,false,false,10358
6046,Violet Minior,Minior-Violet,false,false,10359
775,Komala,Komala,true,false,774
776,Turtonator,Turtonator,true,false,775
777,Togedemaru,Togedemaru,true,false,776
778,Mimikyu,Mimikyu,true,false,777
779,Bruxish,Bruxish,true,false,778
780,Drampa,Drampa,true,false,779
781,Dhelmise,Dhelmise,true,false,780
782,Jangmo-o,Jangmo-o,true,false,781
783,Hakamo-o,Hakamo-o,true,false,782
784,Kommo-o,Kommo-o,true,false,783
785,Tapu-Koko,Tapu-Koko,true,false,784
786,Tapu-Lele,Tapu-Lele,true,false,785
787,Tapu-Bulu,Tapu-Bulu,true,false,786
788,Tapu-Fini,Tapu-Fini,true,false,787
789,Cosmog,Cosmog,true,false,788
790,Cosmoem,Cosmoem,true,false,789
791,Solgaleo,Solgaleo,true,false,790
792,Lunala,Lunala,true,false,791
793,Nihilego,Nihilego,true,false,792
794,Buzzwole,Buzzwole,true,false,793
795,Pheromosa,Pheromosa,true,false,794
796,Xurkitree,Xurkitree,true,false,795
797,Celesteela,Celesteela,true,false,796
798,Kartana,Kartana,true,false,797
799,Guzzlord,Guzzlord,true,false,798
800,Necrozma,Necrozma,true,false,799
6048,Dusk Mane Necrozma (Necrozma),Necrozma-Dusk,false,false,10360
6095,Dusk Mane Necrozma (Solgaleo),Necrozma-Dusk,false,false,10361
6049,Dawn Wings Necrozma (Necrozma),Necrozma-Dawn,false,false,10362
6096,Dawn Wings Necrozma (Lunala),Necrozma-Dawn,false,false,10363
801,Magearna,Magearna,true,false,800
6039,Original Magearna,Magearna-Original,false,false,10364
802,Marshadow,Marshadow,true,false,801
803,Poipole,Poipole,true,false,802
804,Naganadel,Naganadel,true,false,803
805,Stakataka,Stakataka,true,false,804
806,Blacephalon,Blacephalon,true,false,805
807,Zeraora,Zeraora,true,false,806
808,Meltan,Meltan,true,false,807
809,Melmetal,Melmetal,true,false,808
810,Grookey,Grookey,true,false,809
811,Thwackey,Thwackey,true,false,810
812,Rillaboom,Rillaboom,true,false,811
7525,G-Max Rillaboom,Rillaboom-Gmax,false,false,10365
813,Scorbunny,Scorbunny,true,false,812
814,Raboot,Raboot,true,false,813
815,Cinderace,Cinderace,true,false,814
7505,G-Max Cinderace,Cinderace-Gmax,false,false,10366
816,Sobble,Sobble,true,false,815
817,Drizzile,Drizzile,true,false,816
818,Inteleon,Inteleon,true,false,817
7518,G-Max Inteleon,Inteleon-Gmax,false,false,10367
819,Skwovet,Skwovet,true,false,818
820,Greedent,Greedent,true,false,819
821,Rookidee,Rookidee,true,false,820
822,Corvisquire,Corvisquire,true,false,821
823,Corviknight,Corviknight,true,false,822
7508,G-Max Corviknight,Corviknight-Gmax,false,false,10368
824,Blipbug,Blipbug,true,false,823
825,Dottler,Dottler,true,false,824
826,Orbeetle,Orbeetle,true,false,825
7523,G-Max Orbeetle,Orbeetle-Gmax,false,false,10369
827,Nickit,Nickit,true,false,826
828,Thievul,Thievul,true,false,827
829,Gossifleur,Gossifleur,true,false,828
830,Eldegoss,Eldegoss,true,false,829
831,Wooloo,Wooloo,true,false,830
832,Dubwool,Dubwool,true,false,831
833,Chewtle,Chewtle,true,false,832
834,Drednaw,Drednaw,true,false,833
7509,G-Max Drednaw,Drednaw-Gmax,false,false,10370
835,Yamper,Yamper,true,false,834
836,Boltund,Boltund,true,false,835
837,Rolycoly,Rolycoly,true,false,836
838,Carkol,Carkol,true,false,837
839,Coalossal,Coalossal,true,false,838
7506,G-Max Coalossal,Coalossal-Gmax,false,false,10371
840,Applin,Applin,true,false,839
841,Flapple,Flapple,true,false,840
7512,G-Max Flapple,Flapple-Gmax,false,false,10372
842,Appletun,Appletun,true,false,841
7512,G-Max Appletun,Flapple-Gmax,false,false,10373
843,Silicobra,Silicobra,true,false,842
844,Sandaconda,Sandaconda,true,false,843
7526,G-Max Sandaconda,Sandaconda-Gmax,false,false,10374
845,Cramorant,Cramorant,true,false,844
846,Arrokuda,Arrokuda,true,false,845
847,Barraskewda,Barraskewda,true,false,846
848,Toxel,Toxel,true,false,847
849,Amped Toxtricity,Toxtricity,true,false,848
7528,G-Max Amped Toxtricity,Toxtricity-Gmax,false,false,10375
6083,Low Key Toxtricity,Toxtricity-Low-Key,false,false,10376
7533,G-Max Low Key Toxtricity,Toxtricity-Gmax,false,false,10377
850,Sizzlipede,Sizzlipede,true,false,849
851,Centiskorch,Centiskorch,true,false,850
7503,G-Max Centiskorch,Centiskorch-Gmax,false,false,10378
852,Clobbopus,Clobbopus,true,false,851
853,Grapploct,Grapploct,true,false,852
854,Phony Sinistea,Sinistea,true,false,853
6099,Antique Sinistea,Sinistea,false,false,10379
855,Phony Polteageist,Polteageist,true,false,854
6100,Antique Polteageist,Polteageist,false,false,10380
856,Hatenna,Hatenna,true,false,855
857,Hattrem,Hattrem,true,false,856
858,Hatterene,Hatterene,true,false,857
7517,G-Max Hatterene,Hatterene-Gmax,false,false,10381
859,Impidimp,Impidimp,true,false,858
860,Morgrem,Morgrem,true,false,859
861,Grimmsnarl,Grimmsnarl,true,false,860
7516,G-Max Grimmsnarl,Grimmsnarl-Gmax,false,false,10382
862,Obstagoon,Obstagoon,true,false,861
863,Perrserker,Perrserker,true,false,862
864,Cursola,Cursola,true,false,863
865,Sirfetchd,Sirfetchd,true,false,864
866,Mr-Rime,Mr-Rime,true,false,865
867,Runerigus,Runerigus,true,false,866
868,Milcery,Milcery,true,false,867
869,Alcremie,Alcremie,true,false,868
9001,Alcremie,alcremie-caramel-swirl-berry,false,false,10383
9002,Alcremie,alcremie-caramel-swirl-clover,false,false,10384
9003,Alcremie,alcremie-caramel-swirl-flower,false,false,10385
9004,Alcremie,alcremie-caramel-swirl-love,false,false,10386
9005,Alcremie,alcremie-caramel-swirl-ribbon,false,false,10387
9006,Alcremie,alcremie-caramel-swirl-star,false,false,10388
9007,Alcremie,alcremie-caramel-swirl-strawberry,false,false,10389
9008,Alcremie,alcremie-lemon-cream-berry,false,false,10390
9009,Alcremie,alcremie-lemon-cream-clover,false,false,10391
9010,Alcremie,alcremie-lemon-cream-flower,false,false,10392
9011,Alcremie,alcremie-lemon-cream-love,false,false,10393
9012,Alcremie,alcremie-lemon-cream-ribbon,false,false,10394
9013,Alcremie,alcremie-lemon-cream-star,false,false,10395
9014,Alcremie,alcremie-lemon-cream-strawberry,false,false,10396
9015,Alcremie,alcremie-matcha-cream-berry,false,false,10397
9016,Alcremie,alcremie-matcha-cream-clover,false,false,10398
9017,Alcremie,alcremie-matcha-cream-flower,false,false,10399
9018,Alcremie,alcremie-matcha-cream-love,false,false,10400
9019,Alcremie,alcremie-matcha-cream-ribbon,false,false,10401
9020,Alcremie,alcremie-matcha-cream-star,false,false,10402
9021,Alcremie,alcremie-matcha-cream-strawberry,false,false,10403
9022,Alcremie,alcremie-mint-cream-berry,false,false,10404
9023,Alcremie,alcremie-mint-cream-clover,false,false,10405
9024,Alcremie,alcremie-mint-cream-flower,false,false,10406
9025,Alcremie,alcremie-mint-cream-love,false,false,10407
9026,Alcremie,alcremie-mint-cream-ribbon,false,false,10408
9027,Alcremie,alcremie-mint-cream-star,false,false,10409
9028,Alcremie,alcremie-mint-cream-strawberry,false,false,10410
9029,Alcremie,alcremie-rainbow-swirl-berry,false,false,10411
9030,Alcremie,alcremie-rainbow-swirl-clover,false,false,10412
9031,Alcremie,alcremie-rainbow-swirl-flower,false,false,10413
9032,Alcremie,alcremie-rainbow-swirl-love,false,false,10414
9033,Alcremie,alcremie-rainbow-swirl-ribbon,false,false,10415
9034,Alcremie,alcremie-rainbow-swirl-star,false,false,10416
9035,Alcremie,alcremie-rainbow-swirl-strawberry,false,false,10417
9036,Alcremie,alcremie-ruby-cream-berry,false,false,10418
9037,Alcremie,alcremie-ruby-cream-clover,false,false,10419
9038,Alcremie,alcremie-ruby-cream-flower,false,false,10420
9039,Alcremie,alcremie-ruby-cream-love,false,false,10421
9040,Alcremie,alcremie-ruby-cream-ribbon,false,false,10422
9041,Alcremie,alcremie-ruby-cream-star,false,false,10423
9042,Alcremie,alcremie-ruby-cream-strawberry,false,false,10424
9043,Alcremie,alcremie-ruby-swirl-berry,false,false,10425
9044,Alcremie,alcremie-ruby-swirl-clover,false,false,10426
9045,Alcremie,alcremie-ruby-swirl-flower,false,false,10427
9046,Alcremie,alcremie-ruby-swirl-love,false,false,10428
9047,Alcremie,alcremie-ruby-swirl-ribbon,false,false,10429
9048,Alcremie,alcremie-ruby-swirl-star,false,false,10430
9049,Alcremie,alcremie-ruby-swirl-strawberry,false,false,10431
9050,Alcremie,alcremie-salted-cream-berry,false,false,10432
9051,Alcremie,alcremie-salted-cream-clover,false,false,10433
9052,Alcremie,alcremie-salted-cream-flower,false,false,10434
9053,Alcremie,alcremie-salted-cream-love,false,false,10435
9054,Alcremie,alcremie-salted-cream-ribbon,false,false,10436
9055,Alcremie,alcremie-salted-cream-star,false,false,10437
9056,Alcremie,alcremie-salted-cream-strawberry,false,false,10438
9057,Alcremie,alcremie-vanilla-cream-berry,false,false,10439
9058,Alcremie,alcremie-vanilla-cream-clover,false,false,10440
9059,Alcremie,alcremie-vanilla-cream-flower,false,false,10441
9060,Alcremie,alcremie-vanilla-cream-love,false,false,10442
9061,Alcremie,alcremie-vanilla-cream-ribbon,false,false,10443
9062,Alcremie,alcremie-vanilla-cream-star,false,false,10444
9063,G-Max Alcremie Caramel Swirl Berry,Alcremie-Gmax,false,false,10445
9064,G-Max Alcremie Caramel Swirl Clover,Alcremie-Gmax,false,false,10446
9065,G-Max Alcremie Caramel Swirl Flower,Alcremie-Gmax,false,false,10447
9066,G-Max Alcremie Caramel Swirl Love,Alcremie-Gmax,false,false,10448
9067,G-Max Alcremie Caramel Swirl Ribbon,Alcremie-Gmax,false,false,10449
9068,G-Max Alcremie Caramel Swirl Star,Alcremie-Gmax,false,false,10450
9069,G-Max Alcremie Caramel Swirl Strawberry,Alcremie-Gmax,false,false,10451
9070,G-Max Alcremie Lemon Cream Berry,Alcremie-Gmax,false,false,10452
9071,G-Max Alcremie Lemon Cream Clover,Alcremie-Gmax,false,false,10453
9072,G-Max Alcremie Lemon Cream Flower,Alcremie-Gmax,false,false,10454
9073,G-Max Alcremie Lemon Cream Love,Alcremie-Gmax,false,false,10455
9074,G-Max Alcremie Lemon Cream Ribbon,Alcremie-Gmax,false,false,10456
9075,G-Max Alcremie Lemon Cream Star,Alcremie-Gmax,false,false,10457
9076,G-Max Alcremie Lemon Cream Strawberry,Alcremie-Gmax,false,false,10458
9077,G-Max Alcremie Matcha Cream Berry,Alcremie-Gmax,false,false,10459
9078,G-Max Alcremie Matcha Cream Clover,Alcremie-Gmax,false,false,10460
9079,G-Max Alcremie Matcha Cream Flower,Alcremie-Gmax,false,false,10461
9080,G-Max Alcremie Matcha Cream Love,Alcremie-Gmax,false,false,10462
9081,G-Max Alcremie Matcha Cream Ribbon,Alcremie-Gmax,false,false,10463
9082,G-Max Alcremie Matcha Cream Star,Alcremie-Gmax,false,false,10464
9083,G-Max Alcremie Matcha Cream Strawberry,Alcremie-Gmax,false,false,10465
9084,G-Max Alcremie Mint Cream Berry,Alcremie-Gmax,false,false,10466
9085,G-Max Alcremie Mint Cream Clover,Alcremie-Gmax,false,false,10467
9086,G-Max Alcremie Mint Cream Flower,Alcremie-Gmax,false,false,10468
9087,G-Max Alcremie Mint Cream Love,Alcremie-Gmax,false,false,10469
9088,G-Max Alcremie Mint Cream Ribbon,Alcremie-Gmax,false,false,10470
9089,G-Max Alcremie Mint Cream Star,Alcremie-Gmax,false,false,10471
9090,G-Max Alcremie Mint Cream Strawberry,Alcremie-Gmax,false,false,10472
9091,G-Max Alcremie Rainbow Swirl Berry,Alcremie-Gmax,false,false,10473
9092,G-Max Alcremie Rainbow Swirl Clover,Alcremie-Gmax,false,false,10474
9093,G-Max Alcremie Rainbow Swirl Flower,Alcremie-Gmax,false,false,10475
9094,G-Max Alcremie Rainbow Swirl Love,Alcremie-Gmax,false,false,10476
9095,G-Max Alcremie Rainbow Swirl Ribbon,Alcremie-Gmax,false,false,10477
9096,G-Max Alcremie Rainbow Swirl Star,Alcremie-Gmax,false,false,10478
9097,G-Max Alcremie Rainbow Swirl Strawberry,Alcremie-Gmax,false,false,10479
9098,G-Max Alcremie Ruby Cream Berry,Alcremie-Gmax,false,false,10480
9099,G-Max Alcremie Ruby Cream Clover,Alcremie-Gmax,false,false,10481
9100,G-Max Alcremie Ruby Cream Flower,Alcremie-Gmax,false,false,10482
9101,G-Max Alcremie Ruby Cream Love,Alcremie-Gmax,false,false,10483
9102,G-Max Alcremie Ruby Cream Ribbon,Alcremie-Gmax,false,false,10484
9103,G-Max Alcremie Ruby Cream Star,Alcremie-Gmax,false,false,10485
9104,G-Max Alcremie Ruby Cream Strawberry,Alcremie-Gmax,false,false,10486
9105,G-Max Alcremie Ruby Swirl Berry,Alcremie-Gmax,false,false,10487
9106,G-Max Alcremie Ruby Swirl Clover,Alcremie-Gmax,false,false,10488
9107,G-Max Alcremie Ruby Swirl Flower,Alcremie-Gmax,false,false,10489
9108,G-Max Alcremie Ruby Swirl Love,Alcremie-Gmax,false,false,10490
9109,G-Max Alcremie Ruby Swirl Ribbon,Alcremie-Gmax,false,false,10491
9110,G-Max Alcremie Ruby Swirl Star,Alcremie-Gmax,false,false,10492
9111,G-Max Alcremie Ruby Swirl Strawberry,Alcremie-Gmax,false,false,10493
9112,G-Max Alcremie Salted Cream Berry,Alcremie-Gmax,false,false,10494
9113,G-Max Alcremie Salted Cream Clover,Alcremie-Gmax,false,false,10495
9114,G-Max Alcremie Salted Cream Flower,Alcremie-Gmax,false,false,10496
9115,G-Max Alcremie Salted Cream Love,Alcremie-Gmax,false,false,10497
9116,G-Max Alcremie Salted Cream Ribbon,Alcremie-Gmax,false,false,10498
9117,G-Max Alcremie Salted Cream Star,Alcremie-Gmax,false,false,10499
9118,G-Max Alcremie Salted Cream Strawberry,Alcremie-Gmax,false,false,10500
9119,G-Max Alcremie Vanilla Cream Berry,Alcremie-Gmax,false,false,10501
9120,G-Max Alcremie Vanilla Cream Clover,Alcremie-Gmax,false,false,10502
9121,G-Max Alcremie Vanilla Cream Flower,Alcremie-Gmax,false,false,10503
9122,G-Max Alcremie Vanilla Cream Love,Alcremie-Gmax,false,false,10504
9123,G-Max Alcremie Vanilla Cream Ribbon,Alcremie-Gmax,false,false,10505
9124,G-Max Alcremie Vanilla Cream Star,Alcremie-Gmax,false,false,10506
7500,G-Max Alcremie Vanilla Cream Strawberry,Alcremie-Gmax,false,false,10507
870,Falinks,Falinks,true,false,869
871,Pincurchin,Pincurchin,true,false,870
872,Snom,Snom,true,false,871
873,Frosmoth,Frosmoth,true,false,872
874,Stonjourner,Stonjourner,true,false,873
875,Eiscue,Eiscue,true,false,874
876,Indeedee,Indeedee,true,false,875
5100,Indeedee (Female),female/Indeedee,false,false,10508
877,Morpeko,Morpeko,true,false,876
878,Cufant,Cufant,true,false,877
879,Copperajah,Copperajah,true,false,878
7507,G-Max Copperajah,Copperajah-Gmax,false,false,10509
880,Dracozolt,Dracozolt,true,false,879
881,Arctozolt,Arctozolt,true,false,880
882,Dracovish,Dracovish,true,false,881
883,Arctovish,Arctovish,true,false,882
884,Duraludon,Duraludon,true,false,883
7510,G-Max Duraludon,Duraludon-Gmax,false,false,10510
885,Dreepy,Dreepy,true,false,884
886,Drakloak,Drakloak,true,false,885
887,Dragapult,Dragapult,true,false,886
888,Zacian,Zacian,true,false,887
6086,Crowned Zacian,Zacian-Crowned,false,false,10511
889,Zamazenta,Zamazenta,true,false,888
6087,Crowned Zamazenta,Zamazenta-Crowned,false,false,10512
890,Eternatus,Eternatus,true,false,889
891,Kubfu,Kubfu,true,false,890
892,Single Strike Urshifu,Urshifu,true,false,891
7529,G-Max Single Strike Urshifu,Urshifu-Gmax,false,false,10513
6098,Rapid Strike Urshifu,Urshifu,false,false,10514
7530,G-Max Rapid Strike Urshifu,Urshifu-Rapid-Strike-Gmax,false,false,10515
893,Zarude,Zarude,true,false,892
6088,Dada Zarude,Zarude-Dada,false,false,10516